8611,02-07-2018,168.61000061035156,169.99000549316406,2115300,173.27000427246094,173.0500030517578,163.662353515625
8612,03-07-2018,166.88999938964844,173.19000244140625,2048400,173.5,167.25,158.17701721191406
8613,05-07-2018,169.2899932861328,169.30999755859375,2386200,172.3000030517578,171.82000732421875,162.49911499023438
8614,06-07-2018,169.0,171.3000030517578,2354300,174.08999633789062,173.86000061035156,164.4284210205078
8615,09-07-2018,172.3000030517578,175.72999572753906,2055900,177.1199951171875,177.02000427246094,167.4169921875
8616,10-07-2018,175.10000610351562,177.02000427246094,1977100,177.92999267578125,176.39999389648438,166.83067321777344
8617,11-07-2018,168.82000732421875,174.5,3450900,175.99000549316406,169.25999450683594,160.0779571533203
8618,12-07-2018,169.72000122070312,170.11000061035156,2687100,173.4199981689453,171.32000732421875,162.0261993408203
8619,13-07-2018,171.27000427246094,172.25999450683594,2132300,174.1999969482422,171.7899932861328,162.47068786621094
8620,16-07-2018,170.77000427246094,171.1199951171875,1873500,172.89999389648438,171.7899932861328,162.47068786621094
8621,17-07-2018,170.52999877929688,170.52999877929688,2419400,178.0399932861328,177.24000549316406,167.6250762939453
8622,18-07-2018,179.0500030517578,183.0399932861328,3297100,183.8800048828125,181.32000732421875,171.48374938964844
8623,19-07-2018,177.8300018310547,180.11000061035156,2015200,181.47000122070312,178.22999572753906,168.56137084960938
8624,20-07-2018,175.89999389648438,178.17999267578125,1720800,178.44000244140625,177.80999755859375,168.1641387939453
8625,23-07-2018,171.52999877929688,176.3000030517578,2295400,176.5,174.83999633789062,165.35525512695312
8626,24-07-2018,173.0,176.17999267578125,2300200,179.19000244140625,173.38999938964844,163.9839324951172
8627,25-07-2018,170.44000244140625,173.49000549316406,2232300,174.3800048828125,172.8000030517578,163.4259490966797
8628,26-07-2018,172.0,172.25999450683594,3841600,177.63999938964844,177.25999450683594,167.64398193359375
8629,27-07-2018,184.55999755859372,185.0,8073700,193.4499969482422,190.0200042724609,179.7117919921875
8630,30-07-2018,185.8800048828125,189.4900054931641,3412000,190.0,187.83999633789062,177.65003967285156
8631,31-07-2018,189.7400054931641,190.07000732421875,3417700,196.6999969482422,190.63999938964844,180.29812622070312
8632,01-08-2018,185.83999633789062,189.8699951171875,2559000,190.8000030517578,186.2899932861328,176.18409729003906
8633,02-08-2018,183.6199951171875,183.77999877929688,1819200,188.0800018310547,187.1000061035156,176.95021057128906
8634,03-08-2018,185.8300018310547,186.8000030517578,1507500,188.08999633789062,187.2899932861328,177.1298828125
8635,06-08-2018,186.16000366210938,186.2100067138672,1793000,188.5800018310547,188.30999755859372,178.0945587158203
8636,07-08-2018,183.6499938964844,188.75,2727700,188.97999572753903,185.91000366210938,175.82473754882812
8637,08-08-2018,184.7100067138672,185.0500030517578,2128800,190.5,190.0200042724609,179.7117919921875
8638,09-08-2018,182.7400054931641,186.67999267578125,3291500,187.63999938964844,184.4900054931641,174.4817657470703
8639,10-08-2018,177.44000244140625,180.57000732421875,2962300,181.42999267578125,178.10000610351562,168.4384002685547
8640,13-08-2018,176.0500030517578,178.86000061035156,2184300,179.10000610351562,178.14999389648438,168.4857177734375
8641,14-08-2018,176.4199981689453,178.5800018310547,1920100,179.64999389648438,176.69000244140625,167.1049041748047
8642,15-08-2018,170.88999938964844,174.44000244140625,2915400,174.82000732421875,172.8300018310547,163.4542999267578
8643,16-08-2018,172.3000030517578,173.8800048828125,2600400,176.6999969482422,174.2899932861328,164.83509826660156
8644,17-08-2018,166.32000732421875,170.86000061035156,4219300,171.1199951171875,169.91000366210938,160.69271850585938
8645,20-08-2018,166.97000122070312,169.57000732421875,2537400,172.00999450683594,171.27999877929688,161.98837280273438
8646,21-08-2018,171.5800018310547,172.25999450683594,2719400,175.5,174.38999938964844,164.9296875
8647,22-08-2018,172.6999969482422,173.42999267578125,1718100,175.08999633789062,173.0800018310547,163.6907501220703
8648,23-08-2018,172.3000030517578,172.58999633789062,2222000,174.4499969482422,172.77000427246094,163.39756774902344
8649,24-08-2018,171.44000244140625,174.0399932861328,2012300,174.14999389648438,172.4600067138672,163.10438537597656
8650,27-08-2018,172.9499969482422,173.0,3168700,178.0800018310547,176.2100067138672,166.6509246826172
8651,28-08-2018,170.8000030517578,173.22999572753906,3547600,174.32000732421875,174.13999938964844,164.69325256347656
8652,29-08-2018,171.8699951171875,173.27999877929688,2319600,174.94000244140625,172.6199951171875,163.25567626953125
8653,30-08-2018,172.14999389648438,172.5,2155000,174.6199951171875,172.47000122070312,163.1138153076172
8654,31-08-2018,171.72000122070312,172.27999877929688,2212200,174.6699981689453,173.08999633789062,163.7001953125
8655,04-09-2018,168.33999633789062,171.75,2606000,172.9199981689453,171.9600067138672,162.6315155029297
8656,05-09-2018,169.1699981689453,170.61000061035156,2923300,172.32000732421875,172.0399932861328,162.7071533203125
8657,06-09-2018,159.99000549316406,170.3000030517578,5666100,170.85000610351562,160.0500030517578,151.3675994873047
8658,07-09-2018,158.52000427246094,158.60000610351562,3193200,161.4199981689453,159.5800018310547,150.92306518554688
8659,10-09-2018,158.25,161.42999267578125,2292700,161.4499969482422,159.4600067138672,150.80960083007812
8660,11-09-2018,153.19000244140625,155.0,3501200,156.1999969482422,155.39999389648438,147.99072265625
8661,12-09-2018,149.02000427246094,150.25,5001800,151.8000030517578,150.3699951171875,143.20054626464844
8662,13-09-2018,151.02000427246094,152.0,3150400,154.41000366210938,153.1199951171875,145.81942749023438
8663,14-09-2018,151.88999938964844,153.75999450683594,2485200,155.74000549316406,153.4600067138672,146.14321899414062
8664,17-09-2018,151.82000732421875,152.83999633789062,1940900,154.4199981689453,152.10000610351562,144.84808349609375
8665,18-09-2018,152.36000061035156,152.36000061035156,1527000,155.47000122070312,153.64999389648438,146.32415771484375
8666,19-09-2018,152.72000122070312,155.36000061035156,2101400,155.36000061035156,153.19000244140625,145.8861083984375
8667,20-09-2018,154.3300018310547,154.86000061035156,2450200,157.0399932861328,155.27999877929688,147.87646484375
8668,21-09-2018,153.50999450683594,153.50999450683594,4191000,156.5500030517578,155.67999267578125,148.25738525390625
8669,24-09-2018,152.50999450683594,154.9600067138672,1980000,155.2899932861328,154.74000549316406,147.3621826171875
8670,25-09-2018,150.50999450683594,155.00999450683594,3430200,155.00999450683594,151.2899932861328,144.07667541503906
8671,26-09-2018,147.5399932861328,148.0500030517578,3451400,151.75999450683594,148.80999755859375,141.71493530273438
8672,27-09-2018,148.5399932861328,150.2100067138672,2238400,151.74000549316406,150.57000732421875,143.39102172851562
8673,28-09-2018,149.13999938964844,150.47999572753906,2155200,153.3000030517578,151.6999969482422,144.46714782714844
8674,01-10-2018,149.17999267578125,150.6300048828125,2359500,151.86000061035156,150.24000549316406,143.07675170898438
8675,02-10-2018,149.27999877929688,149.5,2803300,154.85000610351562,151.0800018310547,143.87669372558594
8676,03-10-2018,150.22000122070312,151.83999633789062,1674500,153.30999755859375,152.1699981689453,144.91473388671875
8677,04-10-2018,147.6300048828125,150.97000122070312,2698200,151.0,149.00999450683594,141.90541076660156
8678,05-10-2018,146.8000030517578,148.77000427246094,2336500,150.4499969482422,147.89999389648438,140.84829711914062
8679,08-10-2018,145.3000030517578,147.1999969482422,2440400,149.11000061035156,146.0800018310547,139.1151123046875
8680,09-10-2018,141.35000610351562,145.6199951171875,3902100,146.0,144.47000122070312,137.58186340332028
8681,10-10-2018,138.75999450683594,142.39999389648438,4553900,143.6699981689453,139.77999877929688,133.11544799804688
8682,11-10-2018,135.99000549316406,140.77999877929688,3971600,142.8800048828125,137.6199951171875,131.05845642089844
8683,12-10-2018,140.77000427246094,142.97999572753906,3765400,146.63999938964844,143.61000061035156,136.76284790039062
8684,15-10-2018,140.36000061035156,142.0,2699800,144.19000244140625,142.50999450683594,135.71528625488278
8685,16-10-2018,143.27000427246094,144.22000122070312,4536300,146.4499969482422,145.27000427246094,138.34371948242188
8686,17-10-2018,146.1999969482422,152.5,8786100,153.9600067138672,147.17999267578125,140.16264343261722
8687,18-10-2018,143.41000366210938,145.67999267578125,4326300,146.5399932861328,145.08999633789062,138.17227172851562
8688,19-10-2018,144.4199981689453,145.6199951171875,4117500,148.5500030517578,145.1999969482422,138.27705383300778
8689,22-10-2018,143.63999938964844,146.72999572753906,2741200,147.58999633789062,144.27000427246094,137.39141845703122
8690,23-10-2018,139.58000183105472,139.60000610351562,3865400,147.66000366210938,146.38999938964844,139.41033935546878
8691,24-10-2018,139.14999389648438,144.25,3910200,145.22999572753906,139.30999755859378,132.66789245605472
8692,25-10-2018,139.38999938964844,141.0,3134600,144.0500030517578,142.55999755859375,135.76292419433594
8693,26-10-2018,136.55999755859378,138.46000671386722,3769900,142.25999450683594,139.10000610351562,132.46791076660156
8694,29-10-2018,133.41999816894528,140.77999877929688,3766700,142.52000427246094,135.77999877929688,129.30616760253906
8695,30-10-2018,134.86000061035156,135.83000183105472,4018100,141.0800018310547,139.27000427246094,132.62977600097656
8696,31-10-2018,140.22000122070312,141.66000366210938,2805500,143.07000732421875,141.72999572753906,134.97248840332028
8697,01-11-2018,142.5,142.63999938964844,5792100,152.0399932861328,151.86000061035156,144.61949157714844
8698,02-11-2018,150.07000732421875,152.92999267578125,2911600,154.10000610351562,151.50999450683594,144.2861785888672
8699,05-11-2018,145.47000122070312,151.32000732421875,2217800,151.5,147.61000061035156,140.57212829589844
8700,06-11-2018,146.5,146.77999877929688,3236800,152.38999938964844,152.07000732421875,144.81948852539062
8701,07-11-2018,151.1699981689453,153.99000549316406,2577500,154.0,151.69000244140625,144.45761108398438
8702,08-11-2018,149.24000549316406,149.8699951171875,1245900,153.30999755859375,151.67999267578125,144.4480743408203
8703,09-11-2018,146.88999938964844,149.57000732421875,1872200,150.86000061035156,147.85000610351562,140.8007049560547
8704,12-11-2018,142.07000732421875,145.5500030517578,2439100,146.00999450683594,142.91000366210938,136.09622192382812
8705,13-11-2018,143.11000061035156,145.07000732421875,2885600,147.1300048828125,143.9499969482422,137.08663940429688
8706,14-11-2018,141.5800018310547,145.6199951171875,2439900,147.66000366210938,142.74000549316406,135.93435668945312
8707,15-11-2018,141.60000610351562,142.1699981689453,3211000,147.77999877929688,146.39999389648438,139.41983032226562
8708,16-11-2018,141.6199951171875,142.52000427246094,3791100,150.66000366210938,148.0,140.94354248046875
8709,19-11-2018,143.5500030517578,146.88999938964844,2539900,148.5800018310547,143.74000549316406,136.88665771484378
8710,20-11-2018,139.8699951171875,140.24000549316406,5228200,149.11000061035156,143.4499969482422,136.61050415039062
8711,21-11-2018,144.33999633789062,145.9199981689453,2289500,147.5800018310547,144.52000427246094,137.62950134277344
8712,23-11-2018,142.88999938964844,142.88999938964844,866900,147.2100067138672,143.94000244140625,137.0771484375
8713,26-11-2018,144.1699981689453,146.5,1565100,146.9600067138672,146.8000030517578,139.80078125
8714,27-11-2018,144.88999938964844,145.41000366210938,2009800,147.7899932861328,146.8300018310547,139.82936096191406
8715,28-11-2018,145.00999450683594,147.58999633789062,3195700,153.9199981689453,153.83999633789062,146.50509643554688
8716,29-11-2018,151.82000732421875,152.32000732421875,1932100,154.9199981689453,152.75,145.4670867919922
8717,30-11-2018,150.8300018310547,153.0,3687800,157.17999267578125,156.9600067138672,149.47634887695312
8718,03-12-2018,158.25,161.0,3683700,162.8699951171875,161.02000427246094,153.3427734375
8719,04-12-2018,148.50999450683594,158.52999877929688,5228200,159.0,149.69000244140625,143.53350830078125
8720,06-12-2018,142.0500030517578,145.0,5566400,147.41000366210938,145.72999572753906,139.73638916015622
8721,07-12-2018,137.44000244140622,145.6199951171875,3084600,145.69000244140625,138.02999877929688,132.35307312011722
8722,10-12-2018,135.16000366210938,137.30999755859378,2734000,139.22000122070312,137.82000732421878,132.15171813964844
8723,11-12-2018,137.38999938964844,140.41000366210938,2213500,144.77000427246094,138.28999328613278,132.60237121582028
8724,12-12-2018,137.39999389648438,141.07000732421875,3016900,141.75999450683594,138.44999694824222,132.75579833984378
8725,13-12-2018,137.72999572753906,139.50999450683594,1669600,140.55999755859378,138.75999450683594,133.05302429199222
8726,14-12-2018,133.91999816894528,136.1300048828125,3384900,137.47000122070312,135.3699951171875,129.80245971679688
8727,17-12-2018,133.94000244140622,135.02999877929688,2468000,139.17999267578122,135.67999267578122,130.09971618652344
8728,18-12-2018,136.27999877929688,137.02999877929688,2500100,142.35000610351562,137.92999267578122,132.25715637207028
8729,19-12-2018,129.92999267578122,135.58999633789062,3624400,140.42999267578122,131.1199951171875,125.72727966308594
8730,20-12-2018,126.6500015258789,132.1199951171875,4369800,132.94999694824222,128.30999755859378,123.03284454345705
8731,21-12-2018,126.73999786376952,129.11000061035156,3913100,131.99000549316406,127.16000366210938,121.93014526367188
8732,24-12-2018,123.22000122070312,126.56999969482422,1305200,127.41999816894531,123.27999877929688,118.209716796875
8733,26-12-2018,122.63999938964844,124.97000122070312,3238800,130.94000244140622,130.83999633789062,125.4587631225586
8734,27-12-2018,127.51000213623048,127.91000366210938,1813700,133.28999328613278,133.27999877929688,127.79844665527344
8735,28-12-2018,133.32000732421878,133.60000610351562,2287600,138.03999328613278,135.41999816894528,129.85043334960938
8736,31-12-2018,134.30999755859378,136.77999877929688,1597200,137.89999389648438,136.16999816894528,130.569580078125
8737,02-01-2019,133.39999389648438,133.46000671386722,1712600,139.64999389648438,138.30000305175778,132.61196899414062
8738,03-01-2019,131.35000610351562,135.19999694824222,2111100,136.35000610351562,131.6300048828125,126.21630096435548
8739,04-01-2019,133.35000610351562,134.08999633789062,2127000,138.24000549316406,138.05999755859378,132.38180541992188
8740,07-01-2019,137.38999938964844,138.47000122070312,1394000,141.07000732421875,139.28999328613278,133.56124877929688
8741,08-01-2019,133.36000061035156,140.22999572753906,2746300,140.47000122070312,136.92999267578122,131.29829406738278
8742,09-01-2019,138.27999877929688,138.71000671386722,3336700,144.6699981689453,144.0,138.07754516601562
8743,10-01-2019,141.38999938964844,143.08999633789062,2009400,145.57000732421875,144.57000732421875,138.62408447265622
8744,11-01-2019,142.89999389648438,143.9499969482422,2281300,147.07000732421875,144.11000061035156,138.18301391601562
8745,14-01-2019,138.6300048828125,142.25,3239100,142.32000732421875,140.42999267578122,134.65434265136722
8746,15-01-2019,138.8800048828125,141.32000732421875,1453900,142.36000061035156,140.0,134.24205017089844
8747,16-01-2019,138.63999938964844,140.13999938964844,1912400,141.75,138.75,133.04347229003906
8748,17-01-2019,136.64999389648438,137.97000122070312,1844500,141.9499969482422,141.75999450683594,135.92965698242188
8749,18-01-2019,143.10000610351562,143.2899932861328,3780200,149.8800048828125,147.5500030517578,141.48155212402344
8750,22-01-2019,138.42999267578122,146.35000610351562,3724900,146.52999877929688,139.88999938964844,134.1365966796875
8751,23-01-2019,137.58000183105472,140.66999816894528,3506800,142.27000427246094,139.33000183105472,133.599609375
8752,24-01-2019,150.02000427246094,150.25,13421400,162.17999267578125,161.1999969482422,154.5701446533203
8753,25-01-2019,159.75,163.02999877929688,7158500,166.80999755859375,165.49000549316406,158.68368530273438
8754,28-01-2019,159.0,160.0,4513900,167.0,166.05999755859375,159.23025512695312
8755,29-01-2019,163.91000366210938,169.33999633789062,3421200,169.97000122070312,164.99000549316406,158.2042694091797
8756,30-01-2019,166.64999389648438,167.42999267578125,3880700,172.52999877929688,170.92999267578125,163.89996337890625
8757,31-01-2019,167.86000061035156,169.61000061035156,3048100,172.89999389648438,169.5800018310547,162.60546875
8758,01-02-2019,169.42999267578125,170.1999969482422,2891700,173.5,172.77000427246094,165.66429138183594
8759,04-02-2019,170.8800048828125,172.4499969482422,1738600,173.9499969482422,173.16000366210938,166.0382537841797
8760,05-02-2019,171.6999969482422,172.5800018310547,2474300,174.44000244140625,173.69000244140625,166.54647827148438
8761,06-02-2019,174.0,174.3300018310547,3379400,180.52999877929688,177.10000610351562,169.8162078857422
8762,07-02-2019,173.25999450683594,175.02000427246094,2166400,176.6999969482422,175.72000122070312,168.49295043945312
8763,08-02-2019,171.64999389648438,172.67999267578125,1704200,175.63999938964844,175.3000030517578,168.0902099609375
8764,11-02-2019,174.83999633789062,175.6300048828125,1682800,177.0,175.9199981689453,168.68472290039062
8765,12-02-2019,177.3000030517578,178.0,1963100,180.13999938964844,179.25,171.87777709960938
8766,13-02-2019,179.27999877929688,180.0800018310547,2028100,182.9600067138672,181.00999450683597,173.56536865234375
8767,14-02-2019,180.05999755859375,180.05999755859375,2001200,185.2400054931641,181.3300018310547,173.8722381591797
8768,15-02-2019,179.33999633789062,182.0200042724609,2313800,183.1499938964844,181.08999633789062,173.64210510253906
8769,19-02-2019,180.22000122070312,180.94000244140625,1551600,183.0,180.30999755859372,172.89418029785156
8770,20-02-2019,180.55999755859372,181.1699981689453,2197200,183.1999969482422,182.2100067138672,174.71603393554688
8771,21-02-2019,178.57000732421875,182.19000244140625,1914100,182.83999633789062,178.82000732421875,171.46546936035156
8772,22-02-2019,175.10000610351562,176.44000244140625,2710300,179.91000366210938,179.22000122070312,171.84902954101562
8773,25-02-2019,179.4199981689453,182.3000030517578,1838000,182.3800048828125,179.60000610351562,172.21337890625
8774,26-02-2019,178.1999969482422,178.88999938964844,1506300,180.32000732421875,178.55999755859375,171.21615600585938
8775,27-02-2019,174.32000732421875,177.63999938964844,1758600,178.2100067138672,177.1999969482422,169.91207885742188
8776,28-02-2019,174.89999389648438,176.16000366210938,1659700,177.0399932861328,176.08999633789062,168.8477325439453
8777,01-03-2019,175.88999938964844,177.6699981689453,1513600,179.05999755859375,176.75,169.4805908203125
8778,04-03-2019,176.55999755859375,177.35000610351562,2278100,180.2899932861328,177.77000427246094,170.45863342285156
8779,05-03-2019,172.25,176.9600067138672,2575600,177.27000427246094,173.5399932861328,166.40260314941406
8780,06-03-2019,168.17999267578125,173.5,3012400,173.92999267578125,169.19000244140625,162.2315216064453
8781,07-03-2019,164.88999938964844,168.50999450683594,2446700,168.5399932861328,167.16000366210938,160.28500366210938
8782,08-03-2019,163.60000610351562,164.6999969482422,1943900,169.41000366210938,168.8300018310547,161.88632202148438
8783,11-03-2019,169.52000427246094,169.6300048828125,2029700,173.0800018310547,172.00999450683594,164.93551635742188
8784,12-03-2019,170.89999389648438,172.86000061035156,1635400,173.2100067138672,172.05999755859375,164.98348999023438
8785,13-03-2019,170.00999450683594,173.11000061035156,2158500,173.11000061035156,170.41000366210938,163.4013214111328
8786,14-03-2019,171.0,171.0,3623200,178.42999267578125,176.52999877929688,169.26963806152344
8787,15-03-2019,180.3500061035156,181.33999633789062,6123000,187.9600067138672,182.38999938964844,174.8886260986328
8788,18-03-2019,178.50999450683594,181.82000732421875,2034300,183.3699951171875,180.1999969482422,172.7886962890625
8789,19-03-2019,178.99000549316406,180.27999877929688,2088400,182.3300018310547,179.35000610351562,173.02992248535156
8790,20-03-2019,174.60000610351562,179.1699981689453,2067300,180.69000244140625,175.74000549316406,169.54710388183594
8791,21-03-2019,175.7899932861328,175.7899932861328,3103300,186.58999633789062,183.8000030517578,177.32308959960938
8792,22-03-2019,178.97999572753906,182.30999755859372,2204500,184.44000244140625,179.4499969482422,173.12637329101562
8793,25-03-2019,176.92999267578125,179.02999877929688,1273400,180.8000030517578,179.08999633789062,172.779052734375
8794,26-03-2019,179.0,179.74000549316406,1649900,182.6999969482422,180.0500030517578,173.70523071289062
8795,27-03-2019,177.10000610351562,180.1699981689453,1390500,180.8000030517578,177.63999938964844,171.3801727294922
8796,28-03-2019,174.11000061035156,177.77000427246094,1665600,178.99000549316406,175.67999267578125,169.4892120361328
8797,29-03-2019,177.0800018310547,177.77000427246094,1583000,179.7899932861328,179.00999450683594,172.70187377929688
8798,01-04-2019,181.4499969482422,182.0,1798700,185.00999450683597,184.6999969482422,178.19137573242188
8799,02-04-2019,183.0200042724609,185.07000732421875,1361800,185.80999755859372,184.25999450683597,177.76686096191406
8800,03-04-2019,186.22999572753903,187.6300048828125,3245000,193.0800018310547,191.5399932861328,184.79034423828125
8801,04-04-2019,189.30999755859372,189.58999633789062,2142700,193.82000732421875,191.02999877929688,184.29830932617188
8802,05-04-2019,192.0,193.2100067138672,2146700,195.7899932861328,195.1499938964844,188.2731170654297
8803,08-04-2019,191.33999633789062,193.6000061035156,1713200,194.6199951171875,193.5800018310547,186.75845336914062
8804,09-04-2019,189.1699981689453,191.82000732421875,1734700,191.9499969482422,190.4600067138672,183.74839782714844
8805,10-04-2019,188.6000061035156,189.8000030517578,1450500,191.6100006103516,190.83999633789062,184.1150054931641
8806,11-04-2019,190.5,191.30999755859372,1194200,193.47000122070312,191.30999755859372,184.5684356689453
8807,12-04-2019,192.47000122070312,194.1100006103516,1161900,195.3000030517578,194.0800018310547,187.2407989501953
8808,15-04-2019,189.9499969482422,193.3800048828125,1419300,193.3800048828125,192.80999755859372,186.0155792236328
8809,16-04-2019,193.8699951171875,194.5,1551400,196.8800048828125,194.6199951171875,187.7617950439453
8810,17-04-2019,194.2899932861328,197.33999633789062,1693600,197.97000122070312,196.2899932861328,189.3729553222656
8811,18-04-2019,194.47000122070312,196.72999572753903,1409800,197.27999877929688,194.7700042724609,187.9065093994141
8812,22-04-2019,193.08999633789062,196.2899932861328,1177100,196.75,195.22000122070312,188.3406524658203
8813,23-04-2019,193.3999938964844,195.0,2048600,196.2400054931641,194.77999877929688,187.9161376953125
8814,24-04-2019,194.58999633789062,195.1499938964844,2601800,199.97999572753903,195.44000244140625,188.55288696289062
8815,25-04-2019,202.5,203.0,4758300,209.5,205.0800018310547,197.85317993164062
8816,26-04-2019,199.6000061035156,203.0,2865200,207.19000244140625,206.38999938964844,199.1170196533203
8817,29-04-2019,204.3800048828125,206.72999572753903,1607700,207.72999572753903,206.1199951171875,198.8565216064453
8818,30-04-2019,205.2899932861328,206.22999572753903,1604300,208.80999755859372,207.42999267578125,200.1203765869141
8819,01-05-2019,203.88999938964844,208.0399932861328,1136900,209.0399932861328,203.9600067138672,196.77267456054688
8820,02-05-2019,203.3999938964844,203.9600067138672,1340100,207.3800048828125,206.83999633789062,199.55116271972656
8821,03-05-2019,206.1699981689453,207.38999938964844,1257800,208.80999755859372,207.77999877929688,200.4580383300781
8822,06-05-2019,198.75,200.3300018310547,1283000,205.27999877929688,204.5399932861328,197.33221435546875
8823,07-05-2019,194.8500061035156,200.88999938964844,2934200,201.91000366210938,199.94000244140625,192.89431762695312
8824,08-05-2019,197.08999633789062,198.5,1555100,201.6999969482422,199.7100067138672,192.6724395751953
8825,09-05-2019,193.02999877929688,196.0,1939000,199.97000122070312,198.6300048828125,191.63047790527344
8826,10-05-2019,193.9199981689453,197.08999633789062,1756100,199.5,197.8999938964844,190.9261932373047
8827,13-05-2019,186.94000244140625,191.3000030517578,2856300,192.00999450683597,188.3000030517578,181.66452026367188
8828,14-05-2019,189.47000122070312,190.4600067138672,1656300,194.05999755859372,192.44000244140625,185.6586151123047
8829,15-05-2019,190.6499938964844,191.16000366210938,1608700,197.8999938964844,195.47999572753903,188.5914764404297
8830,16-05-2019,190.66000366210938,192.0399932861328,1761200,196.47999572753903,194.4600067138672,187.607421875
8831,17-05-2019,193.0,193.08999633789062,2444200,200.0,194.16000366210938,187.3180084228516
8832,20-05-2019,182.7400054931641,188.63999938964844,3244100,189.6499938964844,183.6699981689453,177.19766235351562
8833,21-05-2019,185.4900054931641,186.6100006103516,2031400,188.6100006103516,186.91000366210938,180.323486328125
8834,22-05-2019,185.1499938964844,185.3800048828125,1132500,188.52999877929688,187.17999267578125,180.58395385742188
8835,23-05-2019,182.2700042724609,183.8000030517578,1849200,185.8800048828125,185.4499969482422,178.91494750976562
8836,24-05-2019,181.6999969482422,186.77999877929688,2138200,187.97999572753903,181.8999938964844,175.4900360107422
8837,28-05-2019,178.64999389648438,183.5399932861328,2552600,184.0,178.9199981689453,172.61505126953125
8838,29-05-2019,174.6999969482422,177.1300048828125,2566200,178.39999389648438,177.60000610351562,171.341552734375
8839,30-05-2019,177.52000427246094,177.9499969482422,1263000,182.1999969482422,178.6199951171875,172.3256072998047
8840,31-05-2019,174.52999877929688,176.30999755859375,1576600,179.5800018310547,174.61000061035156,168.45693969726562
8841,03-06-2019,171.0399932861328,175.47999572753906,2412600,177.4499969482422,172.42999267578125,166.35374450683594
8842,04-06-2019,172.75999450683594,174.5399932861328,2398600,180.8000030517578,180.4199981689453,174.0621795654297
8843,05-06-2019,178.92999267578125,181.16000366210938,1946800,183.16000366210938,182.32000732421875,175.89524841308594
8844,06-06-2019,181.6499938964844,182.3500061035156,1589000,185.25,184.63999938964844,178.1334686279297
8845,07-06-2019,184.6300048828125,185.6300048828125,1619400,189.25999450683597,186.67999267578125,180.10159301757812
8846,10-06-2019,188.08999633789062,188.08999633789062,1689000,193.7700042724609,191.1699981689453,184.433349609375
8847,11-06-2019,189.3699951171875,194.91000366210938,1477900,195.2899932861328,189.9199981689453,184.28781127929688
8848,12-06-2019,178.82000732421875,183.3699951171875,2686300,184.22000122070312,179.8800048828125,174.54556274414062
8849,13-06-2019,178.75,180.83999633789062,1648400,182.2100067138672,180.19000244140625,174.8463897705078
8850,14-06-2019,173.5,176.32000732421875,2187600,177.4600067138672,176.8000030517578,171.55690002441406
8851,17-06-2019,172.3800048828125,176.7899932861328,1972200,176.7899932861328,172.50999450683594,167.39413452148438
8852,18-06-2019,174.42999267578125,174.97999572753906,2369800,184.0500030517578,180.44000244140625,175.08895874023438
8853,19-06-2019,179.4199981689453,181.66000366210938,1233900,183.3699951171875,181.4199981689453,176.03990173339844
8854,20-06-2019,182.3600006103516,185.0800018310547,1126800,186.4900054931641,183.9600067138672,178.5045928955078
8855,21-06-2019,182.42999267578125,182.69000244140625,1991600,185.0,183.02999877929688,177.60214233398438
8856,24-06-2019,180.6100006103516,182.08999633789062,1678400,182.97000122070312,181.2700042724609,175.8943328857422
8857,25-06-2019,175.5800018310547,181.22999572753903,2079900,181.6199951171875,175.82000732421875,170.60597229003906
8858,26-06-2019,178.58999633789062,179.3699951171875,1994100,182.5399932861328,181.27999877929688,175.90406799316406
8859,27-06-2019,182.75,182.88999938964844,1891200,186.7899932861328,186.1300048828125,180.6102294921875
8860,28-06-2019,187.08999633789062,189.69000244140625,2336700,189.7400054931641,187.83999633789062,182.2694854736328
8861,01-07-2019,189.1199951171875,194.57000732421875,2365200,197.9499969482422,191.33999633789062,185.6656951904297
8862,02-07-2019,185.5200042724609,190.97000122070312,1526300,190.97000122070312,187.19000244140625,181.6387634277344
8863,03-07-2019,184.58999633789062,187.38999938964844,1048000,187.88999938964844,184.8600006103516,179.3778839111328
8864,05-07-2019,181.1000061035156,183.17999267578125,1953700,184.1699981689453,183.63999938964844,178.1940460205078
8865,08-07-2019,178.9199981689453,179.1999969482422,1496500,182.4199981689453,181.3999938964844,176.02047729492188
8866,09-07-2019,179.91000366210938,180.08999633789062,1743800,184.0399932861328,183.0800018310547,177.6506805419922
8867,10-07-2019,183.72000122070312,185.3500061035156,1778200,189.5800018310547,184.22000122070312,178.75685119628906
8868,11-07-2019,182.32000732421875,185.7400054931641,1613200,185.7400054931641,184.88999938964844,179.406982421875
8869,12-07-2019,185.47000122070312,186.47000122070312,1975000,192.80999755859372,191.2400054931641,185.5686798095703
8870,15-07-2019,191.08999633789062,192.3600006103516,1009200,193.7400054931641,192.75,187.03387451171875
8871,16-07-2019,189.3999938964844,191.07000732421875,1109100,192.55999755859372,189.80999755859372,184.1810607910156
8872,17-07-2019,188.1100006103516,190.4499969482422,1579600,192.5,191.72000122070312,186.0344390869141
8873,18-07-2019,192.16000366210938,193.0800018310547,2108800,200.1000061035156,198.22999572753903,192.35137939453125
8874,19-07-2019,196.92999267578125,200.2899932861328,1531800,200.8000030517578,198.47000122070312,192.5842742919922
8875,22-07-2019,202.8699951171875,202.8800048828125,2357500,207.8699951171875,207.2100067138672,201.0650634765625
8876,23-07-2019,206.3600006103516,207.6000061035156,1949800,210.0,209.75999450683597,203.53944396972656
8877,24-07-2019,209.00999450683597,210.0,3140800,218.4900054931641,216.97999572753903,210.5453338623047
8878,25-07-2019,210.07000732421875,213.67999267578125,2084400,214.2700042724609,210.75,204.5000762939453
8879,26-07-2019,209.5500030517578,211.4499969482422,1124900,212.8999938964844,210.75,204.5000762939453
8880,29-07-2019,207.8500061035156,210.30999755859372,1092100,211.1699981689453,210.82000732421875,204.56802368164062
8881,30-07-2019,207.55999755859372,208.6300048828125,956000,212.72999572753903,211.32000732421875,205.05319213867188
8882,31-07-2019,206.16000366210938,210.6999969482422,2652500,212.3600006103516,208.6100006103516,202.42355346679688
8883,01-08-2019,204.0500030517578,207.88999938964844,2974900,217.6999969482422,205.75999450683597,199.6580810546875
8884,02-08-2019,200.47000122070312,204.32000732421875,2424600,205.91000366210938,204.08999633789062,198.0375823974609
8885,05-08-2019,191.6199951171875,197.75999450683597,2282500,198.75999450683597,193.52999877929688,187.790771484375
8886,06-08-2019,193.1199951171875,197.22999572753903,2003700,199.66000366210938,194.5200042724609,188.7514190673828
8887,07-08-2019,190.7100067138672,192.4499969482422,2144300,197.3500061035156,196.42999267578125,190.6047515869141
8888,08-08-2019,198.3699951171875,201.00999450683597,1732700,202.38999938964844,201.47999572753903,195.50498962402344
8889,09-08-2019,194.4199981689453,199.33999633789062,1880100,200.27999877929688,195.32000732421875,189.5277099609375
8890,12-08-2019,193.8000030517578,194.38999938964844,1306000,197.17999267578125,196.30999755859372,190.4883270263672
8891,13-08-2019,195.08999633789062,196.30999755859372,2281400,206.5500030517578,205.69000244140625,199.5901641845703
8892,14-08-2019,197.25999450683597,199.3500061035156,1920300,201.5399932861328,198.5,192.6133575439453
8893,15-08-2019,196.4499969482422,199.72999572753903,1036700,200.94000244140625,198.92999267578125,193.03065490722656
8894,16-08-2019,198.3699951171875,198.92999267578125,1924900,206.3300018310547,205.1100006103516,199.02735900878903
8895,19-08-2019,207.1499938964844,210.0,1395000,211.22000122070312,208.0500030517578,201.8801727294922
8896,20-08-2019,205.3300018310547,208.2100067138672,854900,208.72999572753903,206.75999450683597,200.62841796875
8897,21-08-2019,206.9199981689453,209.1100006103516,928000,209.5800018310547,207.9900054931641,201.8219451904297
8898,22-08-2019,206.05999755859372,208.17999267578125,990500,211.5200042724609,210.4600067138672,204.21868896484372
8899,23-08-2019,199.75,207.6499938964844,2031200,209.5,200.38999938964844,194.4473114013672
8900,26-08-2019,200.0399932861328,204.32000732421875,1250200,205.52999877929688,201.33999633789062,195.3691711425781
8901,27-08-2019,198.13999938964844,203.42999267578125,1291700,203.42999267578125,199.7700042724609,193.84571838378903
8902,28-08-2019,197.16000366210938,199.66000366210938,1195400,203.80999755859372,203.27999877929688,197.25161743164062
8903,29-08-2019,206.27999877929688,207.0,1817300,210.0,207.66000366210938,201.50173950195312
8904,30-08-2019,209.33999633789062,211.3800048828125,1194300,213.0500030517578,210.50999450683597,204.26719665527344
8905,03-09-2019,209.0200042724609,211.0,1852900,214.00999450683597,212.94000244140625,206.6251373291016
8906,04-09-2019,215.22999572753903,215.27999877929688,2403200,222.22000122070312,221.6000061035156,215.02833557128903
8907,05-09-2019,225.5399932861328,227.1699981689453,2837300,232.25999450683597,226.7400054931641,220.01589965820312
8908,06-09-2019,225.1000061035156,227.1100006103516,1680700,229.94000244140625,227.9199981689453,221.1609039306641
8909,09-09-2019,228.1699981689453,229.72000122070312,2194800,232.63999938964844,230.33999633789062,223.50914001464844
8910,10-09-2019,226.4900054931641,229.6499938964844,1727400,232.0,231.94000244140625,225.0616912841797
8911,11-09-2019,230.55999755859372,232.17999267578125,1828800,234.75,234.00999450683597,227.07028198242188
8912,12-09-2019,231.69000244140625,235.0,1230800,236.33999633789062,234.8699951171875,227.90480041503903
8913,13-09-2019,233.94000244140625,236.6300048828125,1598200,237.8999938964844,235.55999755859372,228.57432556152344
8914,16-09-2019,230.6199951171875,232.7899932861328,1159600,237.0800018310547,234.94000244140625,227.97271728515625
8915,17-09-2019,232.3999938964844,234.19000244140625,1429100,236.8000030517578,236.77999877929688,229.75816345214844
8916,18-09-2019,234.32000732421875,235.00999450683597,1491600,238.69000244140625,237.63999938964844,230.5926513671875
8917,19-09-2019,235.3600006103516,238.8000030517578,1252600,238.8999938964844,236.8600006103516,229.83578491210938
8918,20-09-2019,233.30999755859372,237.2100067138672,3320600,239.3999938964844,235.30999755859372,228.33175659179688
8919,23-09-2019,234.3800048828125,235.0,1202500,240.08999633789062,238.2400054931641,231.17486572265625
8920,24-09-2019,234.32000732421875,239.1999969482422,1818000,240.0,235.8600006103516,228.8654327392578
8921,25-09-2019,232.7700042724609,232.9900054931641,1706300,241.9600067138672,241.6000061035156,234.4352264404297
8922,26-09-2019,241.1000061035156,241.8500061035156,1668400,244.97999572753903,242.8300018310547,235.6287384033203
8923,27-09-2019,227.4600067138672,238.80999755859372,2940900,238.80999755859372,230.0800018310547,223.2568359375
8924,30-09-2019,227.2899932861328,229.72999572753903,1543500,233.30999755859372,231.1100006103516,225.38282775878903
8925,01-10-2019,228.2100067138672,233.0,1493400,235.52999877929688,230.38999938964844,224.68067932128903
8926,02-10-2019,225.9499969482422,227.17999267578125,1475700,229.5800018310547,228.0,222.34988403320312
8927,03-10-2019,225.1699981689453,229.32000732421875,1361600,230.1199951171875,229.0500030517578,223.37388610839844
8928,04-10-2019,229.42999267578125,230.1699981689453,1061300,233.41000366210938,233.2700042724609,227.48931884765625
8929,07-10-2019,231.9199981689453,233.1699981689453,1128500,234.5,232.13999938964844,226.3872985839844
8930,08-10-2019,225.0,229.8699951171875,1502800,231.25,227.6999969482422,222.05734252929688
8931,09-10-2019,231.07000732421875,232.0,1573900,234.7400054931641,233.1300048828125,227.35276794433597
8932,10-10-2019,232.1699981689453,232.58999633789062,1288700,237.41000366210938,234.6199951171875,228.8058319091797
8933,11-10-2019,236.6100006103516,239.80999755859372,1199500,240.27999877929688,237.08999633789062,231.2146453857422
8934,14-10-2019,235.63999938964844,236.4199981689453,770300,238.3000030517578,236.27999877929688,230.42469787597656
8935,15-10-2019,236.8000030517578,237.75999450683597,1793200,243.5800018310547,242.0500030517578,236.05172729492188
8936,16-10-2019,233.75999450683597,238.0,1941300,239.88999938964844,234.75999450683597,228.94235229492188
8937,17-10-2019,235.27999877929688,238.88999938964844,1280800,240.2899932861328,236.1000061035156,230.2491912841797
8938,18-10-2019,230.22999572753903,235.6999969482422,1523800,235.6999969482422,233.6999969482422,227.9086456298828
8939,21-10-2019,235.25,236.97999572753903,1215200,239.8699951171875,238.4600067138672,232.5507049560547
8940,22-10-2019,234.83999633789062,239.58999633789062,990100,240.0500030517578,234.91000366210938,229.08865356445312
8941,23-10-2019,231.1499938964844,232.57000732421875,1978600,235.47999572753903,233.17999267578125,227.4015350341797
8942,24-10-2019,251.9499969482422,252.4499969482422,5683100,265.85000610351557,265.60000610351557,259.01812744140625
8943,25-10-2019,263.010009765625,265.0,2507200,270.6300048828125,270.04998779296875,263.35781860351557
8944,28-10-2019,272.10000610351557,272.54000854492193,2528100,282.0,281.25,274.2802734375
8945,29-10-2019,275.57000732421875,280.47000122070307,2079600,282.8800048828125,276.489990234375,269.63824462890625
8946,30-10-2019,274.0,276.41000366210943,1172500,278.3599853515625,277.5599975585937,270.68170166015625
8947,31-10-2019,267.23001098632807,276.79000854492193,2699300,277.54000854492193,271.04000854492193,264.32327270507807
8948,01-11-2019,272.29998779296875,273.82000732421875,1545300,278.510009765625,278.260009765625,271.36441040039057
8949,04-11-2019,274.41000366210943,280.0,1290400,281.7200012207031,278.10000610351557,271.20834350585943
8950,05-11-2019,274.3900146484375,279.54998779296875,1483900,280.82000732421875,277.95001220703125,271.06207275390625
8951,06-11-2019,270.25,276.45999145507807,1690700,276.72000122070307,275.510009765625,268.68258666992193
8952,07-11-2019,272.29998779296875,278.25,1106700,278.29998779296875,274.1099853515625,267.31723022460943
8953,08-11-2019,269.10000610351557,271.29998779296875,1373000,273.25,272.67999267578125,265.92266845703125
8954,11-11-2019,268.6300048828125,269.66000366210943,1179400,273.1099853515625,271.260009765625,264.53790283203125
8955,12-11-2019,269.0,275.60000610351557,1106100,276.57000732421875,270.010009765625,263.31887817382807
8956,13-11-2019,267.67001342773443,268.8699951171875,861100,272.8699951171875,272.45999145507807,265.7081298828125
8957,14-11-2019,270.8099975585937,271.79998779296875,1202900,275.8099975585937,275.08999633789057,268.27294921875
8958,15-11-2019,280.0,280.1400146484375,2126400,285.8699951171875,283.67999267578125,276.65005493164057
8959,18-11-2019,280.79998779296875,282.760009765625,1366200,285.7699890136719,282.70001220703125,275.69439697265625
8960,19-11-2019,276.57998657226557,284.57000732421875,1365400,284.57000732421875,276.760009765625,269.90155029296875
8961,20-11-2019,270.39999389648443,275.98001098632807,1266100,277.260009765625,274.1300048828125,267.33673095703125
8962,21-11-2019,262.89999389648443,265.72000122070307,2407000,269.67999267578125,263.89999389648443,257.36026000976557
8963,22-11-2019,260.1199951171875,265.48001098632807,1273600,266.67001342773443,261.98001098632807,255.4878234863281
8964,25-11-2019,263.67001342773443,264.07000732421875,1988500,270.0599975585937,269.010009765625,262.34359741210943
8965,26-11-2019,267.22000122070307,270.0,1789800,271.41000366210943,269.5599975585937,262.88003540039057
8966,27-11-2019,269.3800048828125,270.79998779296875,874400,272.0599975585937,270.94000244140625,264.22576904296875
8967,29-11-2019,265.79000854492193,270.79998779296875,759000,270.79998779296875,266.82998657226557,260.21759033203125
8968,02-12-2019,261.32998657226557,266.48001098632807,1316600,266.48001098632807,262.94000244140625,256.42404174804693
8969,03-12-2019,255.5,256.79000854492193,1594700,261.60000610351557,257.83999633789057,251.450439453125
8970,04-12-2019,261.3699951171875,262.75,1207300,264.44000244140625,262.8699951171875,256.35574340820307
8971,05-12-2019,262.42999267578125,264.64999389648443,1103800,265.25,264.82000732421875,258.25747680664057
8972,06-12-2019,266.85000610351557,268.0,1358900,272.57998657226557,269.8599853515625,263.17254638671875
8973,09-12-2019,267.0599975585937,271.3099975585937,1027200,272.20999145507807,268.01998901367193,261.37814331054693
8974,10-12-2019,267.17999267578125,268.5,1183000,271.6300048828125,268.989990234375,263.4545288085937
8975,11-12-2019,268.51998901367193,268.75,1557900,276.04998779296875,275.39999389648443,269.73260498046875
8976,12-12-2019,274.08999633789057,274.45001220703125,1827600,285.5299987792969,284.70001220703125,278.8412475585937
8977,13-12-2019,280.510009765625,283.8900146484375,2278600,288.8699951171875,281.95001220703125,276.14785766601557
8978,16-12-2019,284.25,286.1499938964844,1526300,288.44000244140625,284.25,278.40048217773443
8979,17-12-2019,285.3299865722656,286.5,2101800,291.25,290.57000732421875,284.5904235839844
8980,18-12-2019,286.8900146484375,290.4100036621094,1411600,292.25,288.0199890136719,282.0928955078125
8981,19-12-2019,288.2799987792969,290.6099853515625,1332400,293.4100036621094,293.2900085449219,287.25445556640625
8982,20-12-2019,293.7200012207031,297.7900085449219,3350900,299.3900146484375,297.4100036621094,291.2896728515625
8983,23-12-2019,294.2699890136719,298.3800048828125,1160900,299.0,294.45001220703125,288.390625
8984,24-12-2019,292.1199951171875,295.69000244140625,386600,296.0799865722656,294.4800109863281,288.41998291015625
8985,26-12-2019,293.1400146484375,294.9700012207031,622000,295.32000732421875,294.9200134277344,288.8509521484375
8986,27-12-2019,292.7699890136719,295.9200134277344,608200,296.3699951171875,293.70001220703125,287.6560363769531
8987,30-12-2019,287.6400146484375,292.510009765625,850600,293.2099914550781,292.5400085449219,286.5198974609375
8988,31-12-2019,288.5199890136719,291.5,915400,292.5899963378906,292.3999938964844,286.3827819824219
8989,02-01-2020,294.489990234375,295.7799987792969,1506400,299.79998779296875,297.8900146484375,291.75982666015625
8990,03-01-2020,291.7200012207031,292.04998779296875,962200,296.80999755859375,294.69000244140625,288.6256408691406
8991,06-01-2020,287.5400085449219,289.7900085449219,1340500,292.0299987792969,289.19000244140625,283.23883056640625
8992,07-01-2020,291.3800048828125,291.739990234375,1559500,298.5400085449219,296.239990234375,290.14373779296875
8993,08-01-2020,295.20001220703125,297.4800109863281,1553700,301.6700134277344,299.9700012207031,293.7969970703125
8994,09-01-2020,293.5,302.1199951171875,1374800,303.8800048828125,297.92999267578125,291.7989501953125
8995,10-01-2020,292.95001220703125,299.1099853515625,1405200,301.2799987792969,294.3399963378906,288.28289794921875
8996,13-01-2020,292.510009765625,294.3800048828125,1399400,297.3299865722656,297.2900085449219,291.1721496582031
8997,14-01-2020,296.739990234375,300.1400146484375,1731900,304.3699951171875,300.760009765625,294.5707702636719
8998,15-01-2020,296.7200012207031,299.2799987792969,1082900,300.54998779296875,298.3399963378906,292.2005615234375
8999,16-01-2020,300.95001220703125,301.82000732421875,1606800,307.260009765625,305.95001220703125,299.6539306640625
9000,17-01-2020,302.1600036621094,307.04998779296875,1929900,308.489990234375,308.0,301.6617431640625
9001,21-01-2020,307.30999755859375,308.19000244140625,1500000,311.9100036621094,308.67999267578125,302.3277282714844
9002,22-01-2020,310.75,311.0,1504000,315.3599853515625,311.3399963378906,304.9330139160156
9003,23-01-2020,307.54998779296875,312.0,1556600,312.67999267578125,312.4200134277344,305.9907531738281
9004,24-01-2020,303.7099914550781,315.8900146484375,1632200,316.7300109863281,306.5400085449219,300.2318115234375
9005,27-01-2020,292.69000244140625,297.0299987792969,1910900,298.67999267578125,293.7900085449219,287.74420166015625
9006,28-01-2020,293.3599853515625,298.7799987792969,1815000,303.25,301.69000244140625,295.4815979003906
9007,29-01-2020,295.9100036621094,302.2300109863281,1808000,303.989990234375,298.2200012207031,292.0830078125
9008,30-01-2020,305.760009765625,318.3999938964844,3943100,319.0,310.95001220703125,304.5510559082031
9009,31-01-2020,297.2699890136719,308.0,2436500,308.9700012207031,298.2099914550781,292.07318115234375
9010,03-02-2020,300.0,300.0,1945400,309.5799865722656,308.44000244140625,302.09271240234375
9011,04-02-2020,316.1199951171875,316.55999755859375,2531000,326.82000732421875,325.3999938964844,318.70367431640625
9012,05-02-2020,323.70001220703125,331.2300109863281,2157200,332.5299987792969,325.6199951171875,318.91912841796875
9013,06-02-2020,323.0,326.0,1262500,326.8500061035156,323.5199890136719,316.86236572265625
9014,07-02-2020,314.7200012207031,320.6300048828125,1602600,321.2799987792969,315.3999938964844,308.9094543457031
9015,10-02-2020,313.0,313.9800109863281,1088400,319.8900146484375,319.8299865722656,313.2482604980469
9016,11-02-2020,322.8699951171875,322.8699951171875,1520700,326.8299865722656,325.6700134277344,318.9681091308594
9017,12-02-2020,328.0,328.0,1687200,335.17999267578125,334.6199951171875,327.7339172363281
9018,13-02-2020,333.6199951171875,335.04998779296875,2110200,344.32000732421875,341.5799865722656,334.5506896972656
9019,14-02-2020,336.760009765625,341.489990234375,1109900,344.2099914550781,339.29998779296875,332.317626953125
9020,18-02-2020,323.0,323.239990234375,2749400,332.0,325.3399963378906,318.6449279785156
9021,19-02-2020,330.29998779296875,331.17999267578125,1539600,335.4100036621094,333.8500061035156,326.97979736328125
9022,20-02-2020,324.0199890136719,331.95001220703125,1887800,334.0400085449219,328.489990234375,321.7300720214844
9023,21-02-2020,315.239990234375,326.2200012207031,2160600,327.0400085449219,316.79998779296875,310.2806701660156
9024,24-02-2020,295.1199951171875,299.20001220703125,3102200,305.30999755859375,300.4599914550781,294.27691650390625
9025,25-02-2020,289.3900146484375,305.82000732421875,2549800,306.8999938964844,292.2200012207031,286.2064514160156
9026,26-02-2020,294.6199951171875,296.239990234375,2379600,304.6300048828125,296.6000061035156,290.4963684082031
9027,27-02-2020,282.010009765625,285.6400146484375,2872200,293.760009765625,285.70001220703125,279.8206787109375
9028,28-02-2020,273.66000366210943,275.82000732421875,3195600,294.45001220703125,293.42999267578125,287.3915710449219
9029,02-03-2020,284.0199890136719,296.6400146484375,2347300,300.54998779296875,300.3299865722656,294.1495666503906
9030,03-03-2020,288.5899963378906,300.29998779296875,2510300,308.29998779296875,291.4599914550781,285.46209716796875
9031,04-03-2020,293.79998779296875,298.8699951171875,1917000,306.29998779296875,306.239990234375,299.9379577636719
9032,05-03-2020,296.0,297.8500061035156,2037000,309.6499938964844,299.1300048828125,292.97430419921875
9033,06-03-2020,285.25,290.7699890136719,2048600,298.6700134277344,294.4100036621094,288.3514404296875
9034,09-03-2020,267.23001098632807,273.0,2649500,283.260009765625,267.60000610351557,262.0931396484375
9035,10-03-2020,267.44000244140625,275.67999267578125,2372500,287.8599853515625,287.57000732421875,281.6521911621094
9036,11-03-2020,272.57998657226557,278.54000854492193,3144100,284.489990234375,276.6300048828125,270.93734741210943
9037,12-03-2020,237.4499969482422,257.07000732421875,3684400,265.58999633789057,237.8500061035156,232.95535278320312
9038,13-03-2020,242.6300048828125,254.0,2692000,262.94000244140625,261.77999877929693,256.39291381835943
9039,16-03-2020,213.0800018310547,223.82000732421875,3096000,245.7700042724609,213.5399932861328,209.1455993652344
9040,17-03-2020,203.72999572753903,217.07000732421875,3669400,237.8300018310547,229.3000030517578,224.5813140869141
9041,18-03-2020,181.3800048828125,203.44000244140625,3607200,215.33999633789062,194.13999938964844,190.1448516845703
9042,19-03-2020,187.0200042724609,190.5200042724609,3343900,201.3999938964844,195.00999450683597,190.9969482421875
9043,20-03-2020,187.1100006103516,200.00999450683597,3904500,224.13999938964844,187.88999938964844,184.02345275878903
9044,23-03-2020,185.83999633789062,190.67999267578125,3027200,199.9499969482422,192.8500061035156,188.88140869140625
9045,24-03-2020,207.3699951171875,209.4900054931641,2921200,232.6300048828125,230.63999938964844,227.24884033203125
9046,25-03-2020,228.30999755859372,231.82000732421875,2837400,250.1100006103516,233.5500030517578,230.11605834960938
9047,26-03-2020,235.0,240.17999267578125,3166300,260.98001098632807,260.33999633789057,256.51217651367193
9048,27-03-2020,240.3999938964844,253.3500061035156,3203300,262.8800048828125,241.22000122070312,237.67327880859372
9049,30-03-2020,241.2400054931641,246.4600067138672,2129800,257.92999267578125,255.3000030517578,251.54627990722656
9050,31-03-2020,238.08999633789062,252.25,2783600,254.9900054931641,240.0,236.47125244140625
9051,01-04-2020,220.2100067138672,228.9499969482422,2465500,237.1999969482422,223.3300018310547,220.04632568359372
9052,02-04-2020,215.9199981689453,219.5800018310547,1891400,226.3600006103516,220.57000732421875,217.3269195556641
9053,03-04-2020,213.2899932861328,223.05999755859372,1490600,224.44000244140625,218.1499938964844,214.94248962402344
9054,06-04-2020,229.0800018310547,231.6199951171875,3327200,252.3999938964844,250.75,247.0631561279297
9055,07-04-2020,251.44000244140625,264.17999267578125,2577800,265.0,256.22000122070307,252.45274353027344
9056,08-04-2020,257.32998657226557,259.8900146484375,1892300,272.26998901367193,266.75,262.82791137695307
9057,09-04-2020,255.75999450683597,271.70001220703125,2617300,277.42001342773443,258.27999877929693,254.48248291015625
9058,13-04-2020,250.2400054931641,256.20999145507807,1410700,259.29998779296875,258.77999877929693,254.97509765625
9059,14-04-2020,263.58999633789057,266.20001220703125,1626800,274.489990234375,272.510009765625,268.50326538085943
9060,15-04-2020,258.54998779296875,266.0,1542800,266.39999389648443,262.8099975585937,258.94589233398443
9061,16-04-2020,263.29000854492193,270.010009765625,2077800,274.94000244140625,270.70999145507807,266.72967529296875
9062,17-04-2020,271.47000122070307,278.16000366210943,1831600,280.22000122070307,279.01998901367193,274.91748046875
9063,20-04-2020,266.33999633789057,273.02999877929693,1782300,274.92001342773443,266.73001098632807,262.80819702148443
9064,21-04-2020,242.57000732421875,262.42001342773443,2999000,263.41000366210943,243.6300048828125,240.0478515625
9065,22-04-2020,255.4600067138672,255.4600067138672,3565800,273.3699951171875,271.77999877929693,267.78396606445307
9066,23-04-2020,262.79000854492193,268.85000610351557,2624900,276.47000122070307,263.95999145507807,260.07891845703125
9067,24-04-2020,258.1099853515625,268.52999877929693,1528900,268.67999267578125,266.67001342773443,262.74911499023443
9068,27-04-2020,262.8800048828125,270.20001220703125,2136100,274.42999267578125,264.41000366210943,260.5223388671875
9069,28-04-2020,259.47000122070307,270.23001098632807,1731600,271.489990234375,261.85000610351557,257.99996948242193
9070,29-04-2020,265.17001342773443,268.0,2155800,281.95001220703125,279.989990234375,275.87326049804693
9071,30-04-2020,254.7100067138672,275.0,3887100,275.69000244140625,255.27999877929688,251.5265655517578
9072,01-05-2020,229.69000244140625,246.72999572753903,5715100,247.0,235.0200042724609,231.564453125
9073,04-05-2020,231.3800048828125,233.97999572753903,2631300,234.97999572753903,234.5200042724609,231.0718078613281
9074,05-05-2020,239.8999938964844,240.6100006103516,2268600,252.0399932861328,242.80999755859372,239.2399139404297
9075,06-05-2020,244.00999450683597,249.3500061035156,2350800,254.4900054931641,244.55999755859372,240.9641876220703
9076,07-05-2020,247.1000061035156,250.0,1541700,253.75999450683597,247.6300048828125,243.98904418945312
9077,08-05-2020,252.05999755859372,252.8999938964844,2838100,266.3699951171875,265.39999389648443,261.49774169921875
9078,11-05-2020,259.10000610351557,262.47000122070307,1762600,265.19000244140625,262.23001098632807,258.3743896484375
9079,12-05-2020,255.7100067138672,265.26998901367193,1764500,266.91000366210943,255.97999572753903,252.21627807617188
9080,13-05-2020,241.77999877929688,255.9600067138672,2545900,257.239990234375,248.19000244140625,244.54080200195312
9081,14-05-2020,240.33999633789062,243.55999755859372,3576000,269.989990234375,269.0,265.0447998046875
9082,15-05-2020,248.80999755859372,252.75,3681900,258.08999633789057,251.83999633789062,248.1371307373047
9083,18-05-2020,253.4600067138672,259.489990234375,2660400,262.989990234375,257.47000122070307,253.6843719482422
9084,19-05-2020,256.41000366210943,257.85000610351557,1901500,268.20001220703125,261.66000366210943,257.81277465820307
9085,20-05-2020,267.1199951171875,268.0,2059700,273.42001342773443,271.17001342773443,267.18292236328125
9086,21-05-2020,260.0,270.25,1772700,271.29000854492193,260.70001220703125,256.86688232421875
9087,22-05-2020,257.6300048828125,262.3599853515625,1755900,263.82998657226557,261.1400146484375,257.3004150390625
9088,26-05-2020,265.83999633789057,269.5,1909900,272.04998779296875,266.3599853515625,262.44366455078125
9089,27-05-2020,258.20999145507807,268.32000732421875,2458700,276.45999145507807,276.1099853515625,272.05026245117193
9090,28-05-2020,265.3699951171875,273.0,2286800,279.8099975585937,266.82000732421875,262.89688110351557
9091,29-05-2020,266.08999633789057,270.510009765625,2794700,275.79998779296875,273.67001342773443,269.64620971679693
9092,01-06-2020,269.8599853515625,270.60000610351557,1378500,276.26998901367193,270.97000122070307,266.98587036132807
9093,02-06-2020,267.10000610351557,272.41000366210943,1697400,273.489990234375,271.45999145507807,267.4686279296875
9094,03-06-2020,275.54998779296875,278.510009765625,2427800,290.0,286.8900146484375,282.67181396484375
9095,04-06-2020,283.1600036621094,285.5299987792969,2059200,293.6000061035156,291.8399963378906,287.5490417480469
9096,05-06-2020,299.3800048828125,299.8900146484375,2499600,310.0,304.9200134277344,300.4367370605469
9097,08-06-2020,296.2099914550781,306.8500061035156,1689400,308.0299987792969,297.5899963378906,293.2144775390625
9098,09-06-2020,293.1099853515625,295.6499938964844,1632100,305.7699890136719,302.3299865722656,297.884765625
9099,10-06-2020,299.45001220703125,301.4100036621094,1607300,304.6700134277344,301.29998779296875,296.86993408203125
9100,11-06-2020,281.8800048828125,292.2900085449219,2062500,298.6300048828125,282.42999267578125,278.27734375
9101,12-06-2020,276.66000366210943,292.79998779296875,2163800,294.3999938964844,284.5199890136719,280.336669921875
9102,15-06-2020,274.510009765625,275.85000610351557,2109500,291.739990234375,291.1400146484375,286.8593444824219
9103,16-06-2020,299.6700134277344,303.4800109863281,2548300,308.75,305.4800109863281,302.1820983886719
9104,17-06-2020,307.6199951171875,310.5899963378906,1844200,314.44000244140625,313.7799987792969,310.3924560546875
9105,18-06-2020,312.5299987792969,314.010009765625,1274000,317.7300109863281,314.79998779296875,311.4014587402344
9106,19-06-2020,313.5400085449219,320.29998779296875,2610200,325.1199951171875,315.25,311.8465881347656
9107,22-06-2020,307.05999755859375,312.0,1541000,314.8399963378906,312.29998779296875,308.9284362792969
9108,23-06-2020,312.5,315.0199890136719,1764700,319.05999755859375,315.9800109863281,312.5687561035156
9109,24-06-2020,303.9700012207031,311.0400085449219,1790900,316.6300048828125,305.7799987792969,302.47882080078125
9110,25-06-2020,300.6099853515625,308.1700134277344,1593500,313.3800048828125,312.6000061035156,309.2252197265625
9111,26-06-2020,300.3599853515625,312.3999938964844,4233700,312.69000244140625,302.5199890136719,299.2540283203125
9112,29-06-2020,300.6099853515625,303.75,1476200,309.0,308.4599914550781,305.1299133300781
9113,30-06-2020,308.92999267578125,311.19000244140625,2789600,325.79998779296875,323.4599914550781,319.9679870605469
9114,01-07-2020,316.1199951171875,322.1499938964844,1527100,322.7699890136719,317.4800109863281,314.05255126953125
9115,02-07-2020,318.6400146484375,322.8599853515625,1711200,327.45001220703125,323.70001220703125,320.20538330078125
9116,06-07-2020,328.9800109863281,330.010009765625,1414800,336.989990234375,334.9599914550781,331.3437805175781
9117,07-07-2020,327.5,332.1300048828125,1276500,337.2699890136719,327.8900146484375,324.3501892089844
9118,08-07-2020,329.3900146484375,332.7900085449219,989600,335.3999938964844,333.79998779296875,330.19635009765625
9119,09-07-2020,331.04998779296875,337.3599853515625,1659900,338.92999267578125,335.760009765625,332.13519287109375
9120,10-07-2020,330.6499938964844,335.0899963378906,1432400,340.2900085449219,339.9800109863281,336.30963134765625
9121,13-07-2020,336.8500061035156,343.0,2160400,350.239990234375,337.1400146484375,333.5002746582031
9122,14-07-2020,331.3999938964844,336.07000732421875,2018800,347.510009765625,346.05999755859375,342.3240051269531
9123,15-07-2020,335.6099853515625,347.07000732421875,1637000,348.79998779296875,343.2200012207031,339.5146484375
9124,16-07-2020,338.8900146484375,340.2699890136719,1182800,346.7099914550781,344.8800048828125,341.15673828125
9125,17-07-2020,341.1499938964844,347.8599853515625,1129000,348.3299865722656,346.2699890136719,342.5317077636719
9126,20-07-2020,342.010009765625,346.2699890136719,1248300,355.94000244140625,353.75,349.9309387207031
9127,21-07-2020,352.3399963378906,357.3699951171875,1743600,362.20001220703125,357.0199890136719,353.1656494140625
9128,22-07-2020,356.5,359.9700012207031,1036500,363.0,361.9599914550781,358.0523376464844
9129,23-07-2020,350.9100036621094,358.8500061035156,1724900,367.55999755859375,354.82000732421875,350.9894104003906
9130,24-07-2020,336.2799987792969,344.2099914550781,2002800,348.0,345.7200012207031,341.9876708984375
9131,27-07-2020,346.67999267578125,347.44000244140625,1752100,360.0799865722656,358.0799865722656,354.2142028808594
9132,28-07-2020,348.6000061035156,354.6099853515625,1332400,358.92999267578125,348.92999267578125,345.1629943847656
9133,29-07-2020,349.0,352.1000061035156,2167300,361.8399963378906,360.8299865722656,356.93450927734375
9134,30-07-2020,367.0799865722656,367.7799987792969,2567800,381.4800109863281,378.5400085449219,374.4533386230469
9135,31-07-2020,369.2900085449219,379.55999755859375,2039100,380.1600036621094,377.1600036621094,373.0882263183594
9136,03-08-2020,379.17999267578125,380.7999877929688,1517800,387.70001220703125,381.4100036621094,377.2923583984375
9137,04-08-2020,380.2200012207031,382.17999267578125,1148200,385.75,384.9599914550781,380.80401611328125
9138,05-08-2020,382.2799987792969,384.5799865722656,846000,387.0899963378906,383.4700012207031,379.33013916015625
9139,06-08-2020,370.7900085449219,377.0,1699600,379.6000061035156,377.80999755859375,373.7312316894531
9140,07-08-2020,366.45001220703125,378.3800048828125,1385400,381.6900024414063,372.4400024414063,368.4192199707031
9141,10-08-2020,369.1499938964844,372.4400024414063,929200,376.8200073242188,375.760009765625,371.7033386230469
9142,11-08-2020,367.3900146484375,378.8599853515625,1110100,380.8699951171875,369.010009765625,365.0262451171875
9143,12-08-2020,369.92999267578125,372.17999267578125,1223000,383.2799987792969,381.5199890136719,377.40118408203125
9144,13-08-2020,374.3800048828125,380.010009765625,1076400,382.45001220703125,377.0199890136719,372.9497375488281
9145,14-08-2020,373.0,379.0,1344600,384.989990234375,373.6400146484375,369.6062316894531
9146,17-08-2020,372.80999755859375,376.5499877929688,1418400,384.1700134277344,379.0799865722656,374.9874877929688
9147,18-08-2020,372.92999267578125,381.95001220703125,1047300,382.70001220703125,374.5700073242188,370.5262145996094
9148,19-08-2020,368.260009765625,374.0299987792969,1074600,376.1900024414063,372.1900024414063,368.171875
9149,20-08-2020,355.2699890136719,360.1000061035156,2214000,363.3999938964844,358.5,354.6296691894531
9150,21-08-2020,350.3299865722656,355.9200134277344,2555500,356.7099914550781,353.44000244140625,349.62432861328125
9151,24-08-2020,347.32000732421875,359.3999938964844,1682300,360.6700134277344,351.0199890136719,347.2304382324219
9152,25-08-2020,350.5,353.04998779296875,1310200,356.29998779296875,352.5,348.6944580078125
9153,26-08-2020,348.07000732421875,352.54998779296875,1194700,354.0,351.79998779296875,348.00201416015625
9154,27-08-2020,338.5899963378906,354.8599853515625,1902200,354.8599853515625,341.45001220703125,337.76373291015625
9155,28-08-2020,341.45001220703125,342.6600036621094,1596200,351.989990234375,350.7799987792969,346.9930419921875
9156,31-08-2020,336.239990234375,348.54998779296875,2533400,349.1499938964844,336.3399963378906,332.70892333984375
9157,01-09-2020,337.57000732421875,339.54998779296875,2087300,346.5,340.55999755859375,336.8833312988281
9158,02-09-2020,344.25,345.9800109863281,2763100,365.1400146484375,362.70001220703125,358.78436279296875
9159,03-09-2020,339.3999938964844,357.29998779296875,2556600,357.29998779296875,341.5299987792969,337.8428955078125
9160,04-09-2020,319.69000244140625,339.0,2470900,339.8999938964844,333.1199951171875,329.5237121582031
9161,08-09-2020,302.19000244140625,310.9599914550781,3113800,316.4599914550781,302.7200012207031,299.4518737792969
9162,09-09-2020,300.3299865722656,310.9599914550781,3086700,311.80999755859375,300.9100036621094,297.66143798828125
9163,10-09-2020,295.7799987792969,303.760009765625,2085200,305.7099914550781,297.510009765625,294.29815673828125
9164,11-09-2020,292.2799987792969,300.5400085449219,1727200,303.3399963378906,293.989990234375,290.8161315917969
9165,14-09-2020,299.6300048828125,301.7699890136719,1954700,308.6199951171875,305.4200134277344,302.1227722167969
9166,15-09-2020,303.0,310.6099853515625,1714100,312.82000732421875,308.92999267578125,305.59478759765625
9167,16-09-2020,305.8599853515625,311.6700134277344,1415700,314.3800048828125,306.6000061035156,303.2900085449219
9168,17-09-2020,296.1700134277344,296.1700134277344,1913600,308.5899963378906,305.8900146484375,302.5876770019531
9169,18-09-2020,301.8900146484375,308.260009765625,2660300,310.8299865722656,307.2099914550781,303.8934020996094
9170,21-09-2020,300.70001220703125,305.0799865722656,1880200,317.82000732421875,314.9599914550781,311.5597229003906
9171,22-09-2020,310.19000244140625,318.3299865722656,1507200,319.7300109863281,318.69000244140625,315.24951171875
9172,23-09-2020,315.8599853515625,322.3800048828125,2228900,327.5899963378906,317.0199890136719,313.59747314453125
9173,24-09-2020,314.0199890136719,314.0199890136719,2206800,334.17999267578125,327.1700134277344,323.6379089355469
9174,25-09-2020,322.0,324.7200012207031,1551200,331.8900146484375,330.2699890136719,326.7044677734375
9175,28-09-2020,328.70001220703125,331.4200134277344,1792800,337.8500061035156,336.6099853515625,332.97601318359375
9176,29-09-2020,333.7900085449219,333.92999267578125,1799700,342.55999755859375,337.7099914550781,335.3592834472656
9177,30-09-2020,330.20001220703125,335.239990234375,1989200,338.2300109863281,331.75,329.4407653808594
9178,01-10-2020,333.1400146484375,339.1400146484375,1693500,339.25,339.1300048828125,336.7694396972656
9179,02-10-2020,328.55999755859375,329.3599853515625,1196000,335.8599853515625,328.7099914550781,326.42193603515625
9180,05-10-2020,332.6099853515625,333.0,1540300,343.04998779296875,342.2300109863281,339.84783935546875
9181,06-10-2020,339.4100036621094,340.9599914550781,1425100,351.0799865722656,340.9800109863281,338.6065673828125
9182,07-10-2020,343.510009765625,347.3999938964844,1108400,351.5,345.7699890136719,343.3631896972656
9183,08-10-2020,347.0,348.3699951171875,1193000,355.6700134277344,355.42999267578125,352.9559631347656
9184,09-10-2020,359.1700134277344,360.8999938964844,1195700,364.6600036621094,362.7099914550781,360.1852722167969
9185,12-10-2020,367.1300048828125,369.42999267578125,1454700,373.3900146484375,370.1099853515625,367.5337524414063
9186,13-10-2020,367.3999938964844,372.0,1229200,378.5,374.1900024414063,371.58538818359375
9187,14-10-2020,370.2099914550781,375.3200073242188,1414500,381.9599914550781,374.239990234375,371.635009765625
9188,15-10-2020,358.9200134277344,362.7699890136719,1682900,376.2999877929688,375.489990234375,372.8763427734375
9189,16-10-2020,364.6499938964844,376.5,1591100,376.5,364.9599914550781,362.4196166992188
9190,19-10-2020,362.010009765625,367.5,1359000,369.6600036621094,363.5700073242188,361.039306640625
9191,20-10-2020,362.5,366.0,932600,368.510009765625,363.5700073242188,361.039306640625
9192,21-10-2020,362.0199890136719,363.0799865722656,1681100,371.0,366.6199951171875,364.0680541992188
9193,22-10-2020,353.0799865722656,360.3599853515625,2233100,363.3299865722656,358.010009765625,355.51800537109375
9194,23-10-2020,350.32000732421875,360.0,1231700,362.5,353.9200134277344,351.45648193359375
9195,26-10-2020,343.29998779296875,350.3599853515625,1236500,353.4700012207031,347.6300048828125,345.2102355957031
9196,27-10-2020,342.5400085449219,348.5299987792969,1075700,349.6700134277344,343.8299865722656,341.43670654296875
9197,28-10-2020,333.30999755859375,336.92999267578125,1639200,344.5400085449219,338.8999938964844,336.541015625
9198,29-10-2020,338.79998779296875,339.0199890136719,1607700,358.19000244140625,353.260009765625,350.8010559082031
9199,30-10-2020,338.2699890136719,348.04998779296875,1749900,352.7200012207031,342.0799865722656,339.6988525390625
9200,02-11-2020,345.17999267578125,348.1199951171875,1342800,354.4700012207031,350.95001220703125,348.5071105957031
9201,03-11-2020,355.1199951171875,356.69000244140625,1716200,373.1700134277344,370.5299987792969,367.9508666992188
9202,04-11-2020,367.2799987792969,373.8900146484375,1528000,383.20001220703125,380.3399963378906,377.6925659179688
9203,05-11-2020,388.45001220703125,390.0,1812900,400.3399963378906,399.7099914550781,396.927734375
9204,06-11-2020,395.8500061035156,399.8800048828125,1473800,412.010009765625,409.4200134277344,406.5701599121094
9205,09-11-2020,415.80999755859375,425.0,1935200,436.0,416.2799987792969,413.3824157714844
9206,10-11-2020,404.4599914550781,409.0899963378906,1485600,415.739990234375,407.8699951171875,405.0309143066406
9207,11-11-2020,410.0,411.9800109863281,1441600,428.6099853515625,424.0,421.04864501953125
9208,12-11-2020,416.3500061035156,424.8500061035156,950200,426.0,418.4599914550781,415.5472106933594
9209,13-11-2020,424.0899963378906,425.2300109863281,1136000,429.75,426.30999755859375,423.34259033203125
9210,16-11-2020,427.0700073242188,430.7999877929688,1346500,439.6499938964844,439.2900085449219,436.23223876953125
9211,17-11-2020,428.95001220703125,435.5,991900,437.8200073242188,431.92999267578125,428.9234619140625
9212,18-11-2020,430.0,436.1099853515625,1304700,438.8399963378906,430.3299865722656,427.3345947265625
9213,19-11-2020,425.0,428.9599914550781,1124800,438.8699951171875,437.67999267578125,434.6334228515625
9214,20-11-2020,433.3800048828125,438.5,1445600,444.9599914550781,433.6400146484375,430.6215515136719
9215,23-11-2020,435.0499877929688,436.5799865722656,1088500,449.8699951171875,448.739990234375,445.6164245605469
9216,24-11-2020,440.75,450.0,1200900,451.1199951171875,446.4400024414063,443.33245849609375
9217,25-11-2020,440.5,448.45001220703125,848900,449.5299987792969,446.7799987792969,443.6701049804688
9218,27-11-2020,449.8200073242188,450.1900024414063,727900,460.6199951171875,456.5400085449219,453.3621520996094
9219,30-11-2020,445.6000061035156,455.20001220703125,1434100,456.8900146484375,452.6600036621094,449.5091552734375
9220,01-12-2020,457.5899963378906,460.05999755859375,1401900,469.489990234375,467.6499938964844,464.39483642578125
9221,02-12-2020,465.5499877929688,466.260009765625,1811300,480.9800109863281,479.2200012207031,475.8843078613281
9222,03-12-2020,479.2200012207031,480.1400146484375,1595500,491.75,484.0700073242188,480.7005615234375
9223,04-12-2020,486.1600036621094,486.9400024414063,1755100,501.6000061035156,499.9800109863281,496.4997863769531
9224,07-12-2020,495.3500061035156,499.42999267578125,1565000,509.45001220703125,508.67999267578125,505.1391906738281
9225,08-12-2020,505.3500061035156,505.6199951171875,1328700,516.6500244140625,511.6600036621094,509.4002990722656
9226,09-12-2020,489.7200012207031,509.0400085449219,1999700,514.6799926757811,493.8299865722656,491.6490478515625
9227,10-12-2020,484.7999877929688,489.95001220703125,1303100,496.20001220703125,490.1499938964844,487.98529052734375
9228,11-12-2020,483.7300109863281,488.4700012207031,1495000,494.2799987792969,491.70001220703125,489.5284729003906
9229,14-12-2020,490.17999267578125,495.6900024414063,1054500,500.9800109863281,491.8699951171875,489.6977233886719
9230,15-12-2020,492.6700134277344,500.0,1185700,503.25,495.3299865722656,493.1424255371094
9231,16-12-2020,489.2799987792969,496.010009765625,1514800,496.4800109863281,493.30999755859375,491.13134765625
9232,17-12-2020,482.8599853515625,489.6400146484375,1433500,491.8800048828125,486.239990234375,484.0925598144531
9233,18-12-2020,477.70001220703125,484.239990234375,2587700,485.7099914550781,480.9700012207031,478.8458557128906
9234,21-12-2020,468.739990234375,469.1199951171875,1703100,484.7099914550781,483.2300109863281,481.0958557128906
9235,22-12-2020,473.3999938964844,479.42999267578125,966300,481.739990234375,476.95001220703125,474.8436279296875
9236,23-12-2020,470.9100036621094,479.6199951171875,720600,480.7900085449219,471.1300048828125,469.04931640625
9237,24-12-2020,472.8999938964844,473.67999267578125,333000,480.3399963378906,480.3399963378906,478.2186279296875
9238,28-12-2020,475.3599853515625,485.5799865722656,692800,487.42999267578125,476.1000061035156,473.9973449707031
9239,29-12-2020,469.0,475.6600036621094,901700,477.0199890136719,473.2200012207031,471.1300964355469
9240,30-12-2020,476.1199951171875,478.3699951171875,881900,488.3399963378906,484.45001220703125,482.31048583984375
9241,31-12-2020,465.5,482.2999877929688,1663000,483.9800109863281,472.2699890136719,470.1842651367188
9242,04-01-2021,473.3200073242188,478.1499938964844,1768600,491.9599914550781,478.0199890136719,475.9088745117188
9243,05-01-2021,479.45001220703125,479.45001220703125,1609900,498.8299865722656,494.5499877929688,492.3658752441406
9244,06-01-2021,489.0,490.5299987792969,1334200,505.7099914550781,496.489990234375,494.29730224609375
9245,07-01-2021,506.6499938964844,507.3299865722656,1298100,517.719970703125,514.4600219726561,512.1879272460939
9246,08-01-2021,498.0700073242188,514.0,1441900,522.25,501.6300048828125,499.4146118164063
9247,11-01-2021,493.5499877929688,495.5199890136719,1189200,519.9099731445311,516.47998046875,514.198974609375
9248,12-01-2021,518.9299926757811,520.22998046875,1879000,537.8599853515625,536.4400024414061,534.0708618164061
9249,13-01-2021,523.1900024414061,534.239990234375,1361300,534.239990234375,526.5,524.1748046875
9250,14-01-2021,542.3400268554689,542.4000244140625,2003400,570.52001953125,557.7899780273439,555.3265380859375
9251,15-01-2021,537.280029296875,552.97998046875,1526400,554.6900024414061,547.530029296875,545.1119384765625
9252,19-01-2021,558.6900024414061,559.8300170898439,2035100,582.47998046875,580.02001953125,577.4584350585938
9253,20-01-2021,559.5700073242189,583.6400146484375,1851000,585.4199829101562,563.0,560.5135498046875
9254,21-01-2021,551.7000122070311,569.4000244140625,1240200,570.2999877929688,564.1900024414062,561.6983032226561
9255,22-01-2021,557.1199951171875,562.77001953125,1199800,575.5800170898438,563.8499755859375,561.3598022460939
9256,25-01-2021,552.6599731445311,571.3499755859375,1675300,575.6099853515625,567.760009765625,565.2525634765625
9257,26-01-2021,550.4000244140625,570.27001953125,1431000,571.2899780273438,552.6599731445311,550.21923828125
9258,27-01-2021,512.010009765625,538.5999755859375,2252500,544.969970703125,515.0399780273439,512.7653198242189
9259,28-01-2021,504.0,526.3699951171875,2490100,528.0,507.3500061035156,505.1093444824219
9260,29-01-2021,481.0499877929688,505.010009765625,2825000,505.9100036621094,483.95001220703125,481.8126831054688
9261,01-02-2021,486.9200134277344,491.0499877929688,1693800,505.0,501.45001220703125,499.23541259765625
9262,02-02-2021,505.0,512.5,1458700,517.4500122070311,516.0700073242189,513.7908325195311
9263,03-02-2021,501.4800109863281,520.0999755859375,1604900,521.489990234375,504.3299865722656,502.1026611328125
9264,04-02-2021,500.1400146484375,504.5,1401200,520.5,519.530029296875,517.235595703125
9265,05-02-2021,509.17999267578125,524.52001953125,1236700,525.0,509.760009765625,507.50872802734375
9266,08-02-2021,514.1599731445311,515.0,1465800,533.3499755859375,532.780029296875,530.4270629882811
9267,09-02-2021,526.8900146484375,535.6199951171875,944100,541.0,528.0800170898439,525.747802734375
9268,10-02-2021,521.280029296875,533.0,868200,536.6699829101561,532.5,530.1483154296875
9269,11-02-2021,539.1799926757811,540.0,2972700,576.5700073242188,572.2100219726562,569.6829223632812
9270,12-02-2021,565.0,570.1799926757812,2012100,597.739990234375,586.1599731445312,583.5712280273438
9271,16-02-2021,587.0,590.0,1452000,603.5999755859375,591.7899780273438,589.1763916015625
9272,17-02-2021,571.0,583.6900024414062,1453000,589.4299926757812,585.9099731445312,583.3223266601562
9273,18-02-2021,567.0900268554688,578.6400146484375,1137100,582.3400268554688,577.77001953125,575.2183227539062
9274,19-02-2021,588.6900024414062,594.3800048828125,1698600,602.0,598.4099731445312,595.7671508789062
9275,22-02-2021,565.7000122070312,589.3900146484375,1615500,592.6300048828125,567.7999877929688,565.2923583984375
9276,23-02-2021,536.4099731445311,556.5499877929689,1716700,568.8099975585938,562.6500244140625,560.1651611328125
9277,24-02-2021,554.0,556.1599731445311,1517000,597.8699951171875,596.9000244140625,594.2638549804688
9278,25-02-2021,544.6300048828125,590.0,2675000,592.4600219726562,547.6500244140625,545.2313842773439
9279,26-02-2021,545.1699829101561,556.9299926757811,1783600,574.6599731445312,567.1900024414062,564.68505859375
9280,01-03-2021,575.5999755859375,576.5599975585938,1765600,600.5,598.8099975585938,596.1654052734375
9281,02-03-2021,572.4000244140625,594.010009765625,1463600,598.760009765625,573.3599853515625,570.8278198242188
9282,03-03-2021,550.010009765625,570.75,1631800,581.5800170898438,551.22998046875,548.7955322265625
9283,04-03-2021,511.42999267578125,548.5599975585939,2542000,559.97998046875,528.8099975585939,526.4745483398439
9284,05-03-2021,516.27001953125,542.6699829101561,2216000,550.1199951171875,547.7000122070311,545.2811279296875
9285,08-03-2021,501.6700134277344,542.8099975585939,1913800,554.52001953125,502.6099853515625,500.3902587890625
9286,09-03-2021,523.5399780273439,525.9000244140625,1726600,546.7999877929689,543.510009765625,541.1096801757811
9287,10-03-2021,515.739990234375,548.6599731445311,1972500,551.989990234375,518.7000122070311,516.4092407226561
9288,11-03-2021,529.0499877929689,533.8699951171875,1612700,542.4199829101561,535.3900146484375,533.0255126953125
9289,12-03-2021,516.7999877929689,525.0,1433700,527.75,524.8200073242189,522.502197265625
9290,15-03-2021,520.25,521.5999755859375,1067000,537.3200073242189,536.75,534.3795166015625
9291,16-03-2021,539.3499755859375,542.510009765625,1526500,560.1699829101561,547.1799926757811,546.0860595703125
9292,17-03-2021,530.0,538.8800048828125,1358500,558.1799926757811,553.010009765625,551.9044189453125
9293,18-03-2021,533.3300170898439,542.1300048828125,2517700,555.8200073242189,539.1699829101561,538.092041015625
9294,19-03-2021,532.5999755859375,541.9400024414061,2379200,550.989990234375,542.3099975585939,541.2257690429689
9295,22-03-2021,550.0399780273439,554.0,1444200,567.5900268554688,560.030029296875,558.910400390625
9296,23-03-2021,543.5399780273439,564.3200073242188,1429500,564.5900268554688,544.4099731445311,543.321533203125
9297,24-03-2021,551.6300048828125,570.6699829101562,1969700,575.75,552.4500122070311,551.3455200195311
9298,25-03-2021,525.02001953125,544.8699951171875,1446300,551.6099853515625,548.030029296875,546.9343872070311
9299,26-03-2021,549.0499877929689,549.719970703125,1871600,584.77001953125,584.22998046875,583.0619506835938
9300,29-03-2021,559.75,582.3400268554688,1759800,582.52001953125,570.2899780273438,569.1498413085938
9301,30-03-2021,562.1199951171875,565.0,904900,576.8499755859375,572.5599975585938,571.415283203125
9302,31-03-2021,583.5,584.0,2369800,603.489990234375,595.239990234375,594.0499267578125
9303,01-04-2021,610.1199951171875,611.22998046875,2463400,640.0,639.2999877929688,638.0218505859375
9304,05-04-2021,639.5599975585938,649.7000122070312,2345400,666.0,660.7999877929688,659.4788818359375
9305,06-04-2021,644.0,660.0,2323600,666.6400146484375,652.47998046875,651.1754760742188
9306,07-04-2021,650.47998046875,652.47998046875,1468900,667.4199829101562,658.780029296875,657.4629516601562
9307,08-04-2021,654.010009765625,667.02001953125,1204500,669.0,668.0,666.6644897460938
9308,09-04-2021,656.719970703125,665.1599731445312,1273400,668.9000244140625,662.0,660.676513671875
9309,12-04-2021,645.0,658.6599731445312,1581100,659.5999755859375,650.27001953125,648.969970703125
9310,13-04-2021,637.7999877929688,655.5599975585938,1350100,657.22998046875,644.989990234375,643.7005004882812
9311,14-04-2021,634.0,640.9299926757812,894500,651.9000244140625,640.4299926757812,639.1495971679688
9312,15-04-2021,637.8400268554688,648.02001953125,1090000,651.780029296875,649.5,648.2014770507812
9313,16-04-2021,640.8300170898438,650.8200073242188,1113600,652.2999877929688,643.7100219726562,642.423095703125
9314,19-04-2021,609.2999877929688,643.719970703125,2421900,648.3400268554688,621.72998046875,620.4869995117188
9315,20-04-2021,608.2000122070312,616.739990234375,1372400,625.0900268554688,613.030029296875,611.804443359375
9316,21-04-2021,617.4400024414062,619.5800170898438,2074000,641.25,641.25,639.9679565429688
9317,22-04-2021,611.0,643.9000244140625,2436700,649.9400024414062,614.5399780273438,613.3113403320312
9318,23-04-2021,613.5700073242188,620.77001953125,1488800,630.0,627.489990234375,626.2354736328125
9319,26-04-2021,623.72998046875,626.9299926757812,1298700,643.3499755859375,643.1699829101562,641.8840942382812
9320,27-04-2021,639.7999877929688,647.3599853515625,991900,649.0,644.8800048828125,643.5906982421875
9321,28-04-2021,633.530029296875,644.0,738000,644.0,638.0499877929688,636.7743530273438
9322,29-04-2021,629.52001953125,641.969970703125,893800,643.0,640.969970703125,639.6884765625
9323,30-04-2021,619.8200073242188,630.4199829101562,1366700,637.489990234375,620.4500122070312,619.2095947265625
9324,03-05-2021,613.780029296875,629.27001953125,1158200,630.0,617.239990234375,616.0059814453125
9325,04-05-2021,590.2000122070312,608.3800048828125,1587800,609.5499877929688,606.2899780273438,605.0778198242188
9326,05-05-2021,603.3599853515625,617.3099975585938,983500,620.989990234375,611.0,609.7784423828125
9327,06-05-2021,601.4099731445312,609.1599731445312,1191100,619.1500244140625,617.4400024414062,616.20556640625
9328,07-05-2021,618.2000122070312,625.989990234375,1033500,634.7999877929688,630.5399780273438,629.2793579101562
9329,10-05-2021,586.1599731445312,621.4099731445312,1765900,624.0700073242188,586.4500122070312,585.2775268554688
9330,11-05-2021,562.9299926757811,568.5599975585938,1946900,595.1500244140625,592.4299926757812,591.2455444335938
9331,12-05-2021,555.7999877929689,575.0,2429300,577.719970703125,557.6699829101561,556.5550537109375
9332,13-05-2021,570.1799926757812,572.9600219726562,2940200,594.3900146484375,584.72998046875,583.5609741210938
9333,14-05-2021,578.0,596.0,1548500,609.4299926757812,602.989990234375,601.7844848632812
9334,17-05-2021,576.0,590.3900146484375,1679100,592.719970703125,592.0700073242188,590.8862915039062
9335,18-05-2021,584.739990234375,597.9199829101562,1167900,601.3300170898438,584.8300170898438,583.6607666015625
9336,19-05-2021,566.030029296875,569.0999755859375,1576900,603.0900268554688,602.2000122070312,600.9960327148438
9337,20-05-2021,604.4000244140625,607.5999755859375,1974100,634.0,626.719970703125,625.4669799804688
9338,21-05-2021,610.2000122070312,623.4500122070312,1474700,625.47998046875,614.0999755859375,612.8722534179688
9339,24-05-2021,622.02001953125,625.3499755859375,1408800,641.530029296875,634.6400146484375,633.3712158203125
9340,25-05-2021,638.239990234375,641.0,1501700,652.0700073242188,640.3699951171875,639.0897216796875
9341,26-05-2021,632.3599853515625,641.77001953125,1262100,646.5800170898438,638.0399780273438,636.7643432617188
9342,27-05-2021,634.8699951171875,634.8699951171875,2245200,651.22998046875,645.7000122070312,644.4091186523438
9343,28-05-2021,647.989990234375,653.0,841400,655.3200073242188,649.8499755859375,648.55078125
9344,01-06-2021,647.5,656.0,1276000,673.7999877929688,649.0399780273438,647.7423706054688
9345,02-06-2021,642.5,647.6799926757812,919500,655.8699951171875,648.989990234375,647.6925048828125
9346,03-06-2021,631.2000122070312,638.5499877929688,1178600,642.5999755859375,635.780029296875,634.5089111328125
9347,04-06-2021,641.7999877929688,644.010009765625,1044300,656.22998046875,655.3099975585938,653.9998779296875
9348,07-06-2021,643.0,651.6199951171875,812700,652.5,649.5800170898438,648.2813110351562
9349,08-06-2021,634.3400268554688,658.0,885600,658.2899780273438,637.5499877929688,636.275390625
9350,09-06-2021,633.1099853515625,641.1300048828125,659400,643.4199829101562,634.0900268554688,632.8223266601562
9351,10-06-2021,631.7999877929688,631.7999877929688,844000,647.0,640.77001953125,639.4889526367188
9352,11-06-2021,634.8300170898438,641.6300048828125,1024400,642.9500122070312,642.1099853515625,640.8262329101562
9353,14-06-2021,638.1900024414062,641.719970703125,1018800,651.1400146484375,650.239990234375,648.9400024414062
9354,15-06-2021,641.8099975585938,646.9199829101562,638000,654.0,643.47998046875,643.47998046875
9355,16-06-2021,632.5499877929688,645.6799926757812,1073800,650.8900146484375,638.739990234375,638.739990234375
9356,17-06-2021,628.7000122070312,636.4500122070312,854800,647.0,639.780029296875,639.780029296875
9357,18-06-2021,608.8900146484375,630.0999755859375,2113900,631.5800170898438,612.6599731445312,612.6599731445312
9358,21-06-2021,608.5800170898438,614.4500122070312,993000,623.969970703125,618.6199951171875,618.6199951171875
9359,22-06-2021,609.25,617.52001953125,719900,626.1500244140625,621.7899780273438,621.7899780273438
9360,23-06-2021,623.3400268554688,625.0,679600,633.2000122070312,624.219970703125,624.219970703125
9361,24-06-2021,631.7999877929688,633.8099975585938,768100,637.6099853515625,635.02001953125,635.02001953125
9362,25-06-2021,625.719970703125,635.0,1249600,636.3300170898438,630.4400024414062,630.4400024414062
9363,28-06-2021,636.6900024414062,636.77001953125,963300,649.530029296875,646.9600219726562,646.9600219726562
9364,29-06-2021,644.010009765625,646.9000244140625,797600,654.6500244140625,651.7899780273438,651.7899780273438
9365,30-06-2021,643.4099731445312,651.260009765625,803300,651.8300170898438,650.7000122070312,650.7000122070312
9366,01-07-2021,631.219970703125,647.6699829101562,1134300,649.3800048828125,633.0700073242188,633.0700073242188
